Date,Product,Units_Sold
2024-01-01,Product_A,55
2024-01-02,Product_A,51
2024-01-03,Product_A,62
2024-01-04,Product_A,74
2024-01-05,Product_A,59
2024-01-06,Product_A,61
2024-01-07,Product_A,81
2024-01-08,Product_A,75
2024-01-09,Product_A,65
2024-01-10,Product_A,76
2024-01-11,Product_A,67
2024-01-12,Product_A,68
2024-01-13,Product_A,76
2024-01-14,Product_A,54
2024-01-15,Product_A,56
2024-01-16,Product_A,67
2024-01-17,Product_A,62
2024-01-18,Product_A,74
2024-01-19,Product_A,61
2024-01-20,Product_A,54
2024-01-21,Product_A,81
2024-01-22,Product_A,62
2024-01-23,Product_A,63
2024-01-24,Product_A,46
2024-01-25,Product_A,52
2024-01-26,Product_A,57
2024-01-27,Product_A,42
2024-01-28,Product_A,55
2024-01-29,Product_A,43
2024-01-30,Product_A,44
2024-01-31,Product_A,39
2024-02-01,Product_A,62
2024-02-02,Product_A,42
2024-02-03,Product_A,31
2024-02-04,Product_A,49
2024-02-05,Product_A,28
2024-02-06,Product_A,42
2024-02-07,Product_A,21
2024-02-08,Product_A,27
2024-02-09,Product_A,44
2024-02-10,Product_A,50
2024-02-11,Product_A,46
2024-02-12,Product_A,45
2024-02-13,Product_A,45
2024-02-14,Product_A,35
2024-02-15,Product_A,45
2024-02-16,Product_A,51
2024-02-17,Product_A,68
2024-02-18,Product_A,64
2024-02-19,Product_A,46
2024-02-20,Product_A,70
2024-02-21,Product_A,65
2024-02-22,Product_A,65
2024-02-23,Product_A,80
2024-02-24,Product_A,87
2024-02-25,Product_A,88
2024-02-26,Product_A,73
2024-02-27,Product_A,80
2024-02-28,Product_A,88
2024-02-29,Product_A,95
2024-03-01,Product_A,81
2024-03-02,Product_A,85
2024-03-03,Product_A,76
2024-03-04,Product_A,75
2024-03-05,Product_A,94
2024-03-06,Product_A,99
2024-03-07,Product_A,84
2024-03-08,Product_A,93
2024-03-09,Product_A,85
2024-03-10,Product_A,73
2024-03-11,Product_A,82
2024-03-12,Product_A,91
2024-03-13,Product_A,73
2024-03-14,Product_A,87
2024-03-15,Product_A,43
2024-03-16,Product_A,75
2024-03-17,Product_A,65
2024-03-18,Product_A,59
2024-03-19,Product_A,61
2024-03-20,Product_A,39
2024-03-21,Product_A,55
2024-03-22,Product_A,59
2024-03-23,Product_A,70
2024-03-24,Product_A,49
2024-03-25,Product_A,45
2024-03-26,Product_A,48
2024-03-27,Product_A,63
2024-03-28,Product_A,57
2024-03-29,Product_A,50
2024-03-30,Product_A,61
2024-03-31,Product_A,59
2024-04-01,Product_A,69
2024-04-02,Product_A,54
2024-04-03,Product_A,60
2024-04-04,Product_A,62
2024-04-05,Product_A,54
2024-04-06,Product_A,74
2024-04-07,Product_A,77
2024-04-08,Product_A,77
2024-04-09,Product_A,77
2024-04-10,Product_A,68
2024-04-11,Product_A,81
2024-04-12,Product_A,84
2024-04-13,Product_A,82
2024-04-14,Product_A,91
2024-04-15,Product_A,99
2024-04-16,Product_A,115
2024-04-17,Product_A,99
2024-04-18,Product_A,101
2024-04-19,Product_A,99
2024-04-20,Product_A,81
2024-04-21,Product_A,100
2024-04-22,Product_A,101
2024-04-23,Product_A,124
2024-04-24,Product_A,97
2024-04-25,Product_A,101
2024-04-26,Product_A,96
2024-04-27,Product_A,83
2024-04-28,Product_A,105
2024-04-29,Product_A,99
2024-04-30,Product_A,97
2024-05-01,Product_A,78
2024-05-02,Product_A,99
2024-05-03,Product_A,68
2024-05-04,Product_A,86
2024-05-05,Product_A,100
2024-05-06,Product_A,66
2024-05-07,Product_A,68
2024-05-08,Product_A,73
2024-05-09,Product_A,66
2024-05-10,Product_A,54
2024-05-11,Product_A,69
2024-05-12,Product_A,57
2024-05-13,Product_A,72
2024-05-14,Product_A,58
2024-05-15,Product_A,83
2024-05-16,Product_A,60
2024-05-17,Product_A,65
2024-05-18,Product_A,78
2024-05-19,Product_A,59
2024-05-20,Product_A,75
2024-05-21,Product_A,88
2024-05-22,Product_A,61
2024-05-23,Product_A,81
2024-05-24,Product_A,85
2024-05-25,Product_A,93
2024-05-26,Product_A,75
2024-05-27,Product_A,77
2024-05-28,Product_A,98
2024-05-29,Product_A,99
2024-05-30,Product_A,101
2024-05-31,Product_A,105
2024-06-01,Product_A,97
2024-06-02,Product_A,108
2024-06-03,Product_A,111
2024-06-04,Product_A,103
2024-06-05,Product_A,130
2024-06-06,Product_A,117
2024-06-07,Product_A,101
2024-06-08,Product_A,120
2024-06-09,Product_A,104
2024-06-10,Product_A,122
2024-06-11,Product_A,125
2024-06-12,Product_A,104
2024-06-13,Product_A,121
2024-06-14,Product_A,114
2024-06-15,Product_A,117
2024-06-16,Product_A,126
2024-06-17,Product_A,102
2024-06-18,Product_A,95
2024-06-19,Product_A,92
2024-06-20,Product_A,90
2024-06-21,Product_A,95
2024-06-22,Product_A,97
2024-06-23,Product_A,94
2024-06-24,Product_A,98
2024-06-25,Product_A,88
2024-06-26,Product_A,100
2024-06-27,Product_A,81
2024-06-28,Product_A,110
2024-06-29,Product_A,88
2024-06-30,Product_A,72
2024-07-01,Product_A,70
2024-07-02,Product_A,85
2024-07-03,Product_A,78
2024-07-04,Product_A,88
2024-07-05,Product_A,87
2024-07-06,Product_A,82
2024-07-07,Product_A,76
2024-07-08,Product_A,71
2024-07-09,Product_A,84
2024-07-10,Product_A,99
2024-07-11,Product_A,95
2024-07-12,Product_A,83
2024-07-13,Product_A,100
2024-07-14,Product_A,105
2024-07-15,Product_A,95
2024-07-16,Product_A,108
2024-07-17,Product_A,110
2024-07-18,Product_A,101
2024-07-19,Product_A,118
2024-07-20,Product_A,123
2024-07-21,Product_A,130
2024-07-22,Product_A,132
2024-07-23,Product_A,109
2024-07-24,Product_A,115
2024-07-25,Product_A,131
2024-07-26,Product_A,132
2024-07-27,Product_A,132
2024-07-28,Product_A,166
2024-07-29,Product_A,133
2024-07-30,Product_A,138
2024-07-31,Product_A,136
2024-08-01,Product_A,131
2024-08-02,Product_A,120
2024-08-03,Product_A,130
2024-08-04,Product_A,113
2024-08-05,Product_A,116
2024-08-06,Product_A,111
2024-08-07,Product_A,115
2024-08-08,Product_A,135
2024-08-09,Product_A,91
2024-08-10,Product_A,114
2024-08-11,Product_A,89
2024-08-12,Product_A,98
2024-08-13,Product_A,112
2024-08-14,Product_A,100
2024-08-15,Product_A,87
2024-08-16,Product_A,89
2024-08-17,Product_A,102
2024-08-18,Product_A,87
2024-08-19,Product_A,96
2024-08-20,Product_A,94
2024-08-21,Product_A,88
2024-08-22,Product_A,116
2024-08-23,Product_A,102
2024-08-24,Product_A,76
2024-08-25,Product_A,100
2024-08-26,Product_A,93
2024-08-27,Product_A,110
2024-08-28,Product_A,96
2024-08-29,Product_A,105
2024-08-30,Product_A,114
2024-08-31,Product_A,120
2024-09-01,Product_A,102
2024-09-02,Product_A,114
2024-09-03,Product_A,115
2024-09-04,Product_A,116
2024-09-05,Product_A,143
2024-09-06,Product_A,132
2024-09-07,Product_A,118
2024-09-08,Product_A,142
2024-09-09,Product_A,156
2024-09-10,Product_A,147
2024-09-11,Product_A,123
2024-09-12,Product_A,134
2024-09-13,Product_A,153
2024-09-14,Product_A,134
2024-09-15,Product_A,145
2024-09-16,Product_A,148
2024-09-17,Product_A,131
2024-09-18,Product_A,139
2024-09-19,Product_A,106
2024-09-20,Product_A,127
2024-09-21,Product_A,133
2024-09-22,Product_A,121
2024-09-23,Product_A,148
2024-09-24,Product_A,115
2024-09-25,Product_A,123
2024-09-26,Product_A,126
2024-09-27,Product_A,137
2024-09-28,Product_A,106
2024-09-29,Product_A,130
2024-09-30,Product_A,116
2024-10-01,Product_A,105
2024-10-02,Product_A,117
2024-10-03,Product_A,113
2024-10-04,Product_A,104
2024-10-05,Product_A,109
2024-10-06,Product_A,104
2024-10-07,Product_A,109
2024-10-08,Product_A,114
2024-10-09,Product_A,123
2024-10-10,Product_A,96
2024-10-11,Product_A,130
2024-10-12,Product_A,90
2024-10-13,Product_A,110
2024-10-14,Product_A,119
2024-10-15,Product_A,118
2024-10-16,Product_A,111
2024-10-17,Product_A,118
2024-10-18,Product_A,118
2024-10-19,Product_A,119
2024-10-20,Product_A,136
2024-10-21,Product_A,134
2024-10-22,Product_A,127
2024-10-23,Product_A,145
2024-10-24,Product_A,142
2024-10-25,Product_A,150
2024-10-26,Product_A,150
2024-10-27,Product_A,138
2024-10-28,Product_A,143
2024-10-29,Product_A,158
2024-10-30,Product_A,158
2024-10-31,Product_A,152
2024-11-01,Product_A,155
2024-11-02,Product_A,167
2024-11-03,Product_A,148
2024-11-04,Product_A,160
2024-11-05,Product_A,152
2024-11-06,Product_A,151
2024-11-07,Product_A,163
2024-11-08,Product_A,159
2024-11-09,Product_A,157
2024-11-10,Product_A,160
2024-11-11,Product_A,145
2024-11-12,Product_A,150
2024-11-13,Product_A,138
2024-11-14,Product_A,142
2024-11-15,Product_A,135
2024-11-16,Product_A,135
2024-11-17,Product_A,138
2024-11-18,Product_A,122
2024-11-19,Product_A,149
2024-11-20,Product_A,116
2024-11-21,Product_A,112
2024-11-22,Product_A,135
2024-11-23,Product_A,130
2024-11-24,Product_A,128
2024-11-25,Product_A,127
2024-11-26,Product_A,121
2024-11-27,Product_A,112
2024-11-28,Product_A,122
2024-11-29,Product_A,116
2024-11-30,Product_A,133
2024-12-01,Product_A,123
2024-12-02,Product_A,118
2024-12-03,Product_A,125
2024-12-04,Product_A,135
2024-12-05,Product_A,128
2024-12-06,Product_A,128
2024-12-07,Product_A,141
2024-12-08,Product_A,144
2024-12-09,Product_A,139
2024-12-10,Product_A,142
2024-12-11,Product_A,152
2024-12-12,Product_A,138
2024-12-13,Product_A,141
2024-12-14,Product_A,150
2024-12-15,Product_A,158
2024-12-16,Product_A,165
2024-12-17,Product_A,178
2024-12-18,Product_A,174
2024-12-19,Product_A,165
2024-12-20,Product_A,167
2024-12-21,Product_A,157
2024-12-22,Product_A,168
2024-12-23,Product_A,165
2024-12-24,Product_A,170
2024-12-25,Product_A,158
2024-12-26,Product_A,170
2024-12-27,Product_A,179
2024-12-28,Product_A,161
2024-12-29,Product_A,165
2024-12-30,Product_A,166
2024-01-01,Product_B,46
2024-01-02,Product_B,55
2024-01-03,Product_B,56
2024-01-04,Product_B,59
2024-01-05,Product_B,53
2024-01-06,Product_B,64
2024-01-07,Product_B,71
2024-01-08,Product_B,82
2024-01-09,Product_B,79
2024-01-10,Product_B,92
2024-01-11,Product_B,64
2024-01-12,Product_B,81
2024-01-13,Product_B,75
2024-01-14,Product_B,95
2024-01-15,Product_B,65
2024-01-16,Product_B,64
2024-01-17,Product_B,66
2024-01-18,Product_B,50
2024-01-19,Product_B,64
2024-01-20,Product_B,61
2024-01-21,Product_B,68
2024-01-22,Product_B,68
2024-01-23,Product_B,81
2024-01-24,Product_B,70
2024-01-25,Product_B,52
2024-01-26,Product_B,47
2024-01-27,Product_B,58
2024-01-28,Product_B,38
2024-01-29,Product_B,67
2024-01-30,Product_B,59
2024-01-31,Product_B,41
2024-02-01,Product_B,27
2024-02-02,Product_B,56
2024-02-03,Product_B,40
2024-02-04,Product_B,53
2024-02-05,Product_B,24
2024-02-06,Product_B,34
2024-02-07,Product_B,40
2024-02-08,Product_B,41
2024-02-09,Product_B,37
2024-02-10,Product_B,49
2024-02-11,Product_B,33
2024-02-12,Product_B,44
2024-02-13,Product_B,49
2024-02-14,Product_B,55
2024-02-15,Product_B,60
2024-02-16,Product_B,44
2024-02-17,Product_B,42
2024-02-18,Product_B,73
2024-02-19,Product_B,67
2024-02-20,Product_B,59
2024-02-21,Product_B,85
2024-02-22,Product_B,73
2024-02-23,Product_B,86
2024-02-24,Product_B,77
2024-02-25,Product_B,100
2024-02-26,Product_B,99
2024-02-27,Product_B,80
2024-02-28,Product_B,94
2024-02-29,Product_B,92
2024-03-01,Product_B,100
2024-03-02,Product_B,77
2024-03-03,Product_B,94
2024-03-04,Product_B,97
2024-03-05,Product_B,69
2024-03-06,Product_B,74
2024-03-07,Product_B,64
2024-03-08,Product_B,81
2024-03-09,Product_B,89
2024-03-10,Product_B,95
2024-03-11,Product_B,79
2024-03-12,Product_B,92
2024-03-13,Product_B,60
2024-03-14,Product_B,54
2024-03-15,Product_B,68
2024-03-16,Product_B,71
2024-03-17,Product_B,64
2024-03-18,Product_B,42
2024-03-19,Product_B,60
2024-03-20,Product_B,46
2024-03-21,Product_B,64
2024-03-22,Product_B,60
2024-03-23,Product_B,45
2024-03-24,Product_B,49
2024-03-25,Product_B,43
2024-03-26,Product_B,53
2024-03-27,Product_B,63
2024-03-28,Product_B,44
2024-03-29,Product_B,60
2024-03-30,Product_B,51
2024-03-31,Product_B,50
2024-04-01,Product_B,58
2024-04-02,Product_B,51
2024-04-03,Product_B,58
2024-04-04,Product_B,54
2024-04-05,Product_B,88
2024-04-06,Product_B,72
2024-04-07,Product_B,67
2024-04-08,Product_B,79
2024-04-09,Product_B,79
2024-04-10,Product_B,80
2024-04-11,Product_B,91
2024-04-12,Product_B,95
2024-04-13,Product_B,85
2024-04-14,Product_B,87
2024-04-15,Product_B,92
2024-04-16,Product_B,73
2024-04-17,Product_B,83
2024-04-18,Product_B,113
2024-04-19,Product_B,116
2024-04-20,Product_B,98
2024-04-21,Product_B,106
2024-04-22,Product_B,103
2024-04-23,Product_B,131
2024-04-24,Product_B,110
2024-04-25,Product_B,97
2024-04-26,Product_B,87
2024-04-27,Product_B,79
2024-04-28,Product_B,95
2024-04-29,Product_B,84
2024-04-30,Product_B,75
2024-05-01,Product_B,81
2024-05-02,Product_B,74
2024-05-03,Product_B,99
2024-05-04,Product_B,89
2024-05-05,Product_B,78
2024-05-06,Product_B,91
2024-05-07,Product_B,75
2024-05-08,Product_B,64
2024-05-09,Product_B,86
2024-05-10,Product_B,75
2024-05-11,Product_B,58
2024-05-12,Product_B,66
2024-05-13,Product_B,58
2024-05-14,Product_B,53
2024-05-15,Product_B,76
2024-05-16,Product_B,87
2024-05-17,Product_B,54
2024-05-18,Product_B,75
2024-05-19,Product_B,65
2024-05-20,Product_B,68
2024-05-21,Product_B,69
2024-05-22,Product_B,68
2024-05-23,Product_B,80
2024-05-24,Product_B,74
2024-05-25,Product_B,87
2024-05-26,Product_B,87
2024-05-27,Product_B,88
2024-05-28,Product_B,84
2024-05-29,Product_B,90
2024-05-30,Product_B,106
2024-05-31,Product_B,106
2024-06-01,Product_B,94
2024-06-02,Product_B,107
2024-06-03,Product_B,115
2024-06-04,Product_B,93
2024-06-05,Product_B,117
2024-06-06,Product_B,106
2024-06-07,Product_B,119
2024-06-08,Product_B,106
2024-06-09,Product_B,96
2024-06-10,Product_B,97
2024-06-11,Product_B,114
2024-06-12,Product_B,115
2024-06-13,Product_B,102
2024-06-14,Product_B,117
2024-06-15,Product_B,92
2024-06-16,Product_B,106
2024-06-17,Product_B,93
2024-06-18,Product_B,96
2024-06-19,Product_B,101
2024-06-20,Product_B,90
2024-06-21,Product_B,92
2024-06-22,Product_B,104
2024-06-23,Product_B,86
2024-06-24,Product_B,98
2024-06-25,Product_B,76
2024-06-26,Product_B,91
2024-06-27,Product_B,99
2024-06-28,Product_B,58
2024-06-29,Product_B,74
2024-06-30,Product_B,87
2024-07-01,Product_B,78
2024-07-02,Product_B,84
2024-07-03,Product_B,75
2024-07-04,Product_B,82
2024-07-05,Product_B,80
2024-07-06,Product_B,95
2024-07-07,Product_B,87
2024-07-08,Product_B,90
2024-07-09,Product_B,84
2024-07-10,Product_B,86
2024-07-11,Product_B,89
2024-07-12,Product_B,99
2024-07-13,Product_B,94
2024-07-14,Product_B,104
2024-07-15,Product_B,125
2024-07-16,Product_B,115
2024-07-17,Product_B,106
2024-07-18,Product_B,124
2024-07-19,Product_B,111
2024-07-20,Product_B,97
2024-07-21,Product_B,109
2024-07-22,Product_B,103
2024-07-23,Product_B,120
2024-07-24,Product_B,125
2024-07-25,Product_B,143
2024-07-26,Product_B,130
2024-07-27,Product_B,125
2024-07-28,Product_B,136
2024-07-29,Product_B,105
2024-07-30,Product_B,129
2024-07-31,Product_B,134
2024-08-01,Product_B,110
2024-08-02,Product_B,135
2024-08-03,Product_B,125
2024-08-04,Product_B,116
2024-08-05,Product_B,125
2024-08-06,Product_B,139
2024-08-07,Product_B,116
2024-08-08,Product_B,114
2024-08-09,Product_B,105
2024-08-10,Product_B,99
2024-08-11,Product_B,113
2024-08-12,Product_B,94
2024-08-13,Product_B,102
2024-08-14,Product_B,94
2024-08-15,Product_B,102
2024-08-16,Product_B,100
2024-08-17,Product_B,106
2024-08-18,Product_B,89
2024-08-19,Product_B,91
2024-08-20,Product_B,84
2024-08-21,Product_B,90
2024-08-22,Product_B,98
2024-08-23,Product_B,103
2024-08-24,Product_B,87
2024-08-25,Product_B,107
2024-08-26,Product_B,113
2024-08-27,Product_B,106
2024-08-28,Product_B,123
2024-08-29,Product_B,99
2024-08-30,Product_B,97
2024-08-31,Product_B,94
2024-09-01,Product_B,129
2024-09-02,Product_B,124
2024-09-03,Product_B,120
2024-09-04,Product_B,126
2024-09-05,Product_B,114
2024-09-06,Product_B,153
2024-09-07,Product_B,132
2024-09-08,Product_B,134
2024-09-09,Product_B,142
2024-09-10,Product_B,141
2024-09-11,Product_B,140
2024-09-12,Product_B,131
2024-09-13,Product_B,145
2024-09-14,Product_B,159
2024-09-15,Product_B,154
2024-09-16,Product_B,157
2024-09-17,Product_B,135
2024-09-18,Product_B,130
2024-09-19,Product_B,137
2024-09-20,Product_B,138
2024-09-21,Product_B,146
2024-09-22,Product_B,117
2024-09-23,Product_B,147
2024-09-24,Product_B,128
2024-09-25,Product_B,123
2024-09-26,Product_B,115
2024-09-27,Product_B,106
2024-09-28,Product_B,129
2024-09-29,Product_B,119
2024-09-30,Product_B,103
2024-10-01,Product_B,101
2024-10-02,Product_B,109
2024-10-03,Product_B,128
2024-10-04,Product_B,107
2024-10-05,Product_B,94
2024-10-06,Product_B,105
2024-10-07,Product_B,105
2024-10-08,Product_B,80
2024-10-09,Product_B,107
2024-10-10,Product_B,106
2024-10-11,Product_B,116
2024-10-12,Product_B,128
2024-10-13,Product_B,123
2024-10-14,Product_B,111
2024-10-15,Product_B,104
2024-10-16,Product_B,143
2024-10-17,Product_B,120
2024-10-18,Product_B,123
2024-10-19,Product_B,125
2024-10-20,Product_B,130
2024-10-21,Product_B,129
2024-10-22,Product_B,128
2024-10-23,Product_B,131
2024-10-24,Product_B,139
2024-10-25,Product_B,136
2024-10-26,Product_B,137
2024-10-27,Product_B,147
2024-10-28,Product_B,146
2024-10-29,Product_B,165
2024-10-30,Product_B,125
2024-10-31,Product_B,164
2024-11-01,Product_B,166
2024-11-02,Product_B,133
2024-11-03,Product_B,151
2024-11-04,Product_B,150
2024-11-05,Product_B,140
2024-11-06,Product_B,145
2024-11-07,Product_B,141
2024-11-08,Product_B,168
2024-11-09,Product_B,158
2024-11-10,Product_B,160
2024-11-11,Product_B,152
2024-11-12,Product_B,132
2024-11-13,Product_B,136
2024-11-14,Product_B,144
2024-11-15,Product_B,124
2024-11-16,Product_B,141
2024-11-17,Product_B,129
2024-11-18,Product_B,126
2024-11-19,Product_B,135
2024-11-20,Product_B,130
2024-11-21,Product_B,121
2024-11-22,Product_B,135
2024-11-23,Product_B,111
2024-11-24,Product_B,127
2024-11-25,Product_B,127
2024-11-26,Product_B,118
2024-11-27,Product_B,124
2024-11-28,Product_B,109
2024-11-29,Product_B,132
2024-11-30,Product_B,122
2024-12-01,Product_B,120
2024-12-02,Product_B,137
2024-12-03,Product_B,122
2024-12-04,Product_B,117
2024-12-05,Product_B,118
2024-12-06,Product_B,142
2024-12-07,Product_B,126
2024-12-08,Product_B,159
2024-12-09,Product_B,123
2024-12-10,Product_B,164
2024-12-11,Product_B,152
2024-12-12,Product_B,152
2024-12-13,Product_B,150
2024-12-14,Product_B,162
2024-12-15,Product_B,159
2024-12-16,Product_B,173
2024-12-17,Product_B,165
2024-12-18,Product_B,166
2024-12-19,Product_B,163
2024-12-20,Product_B,166
2024-12-21,Product_B,171
2024-12-22,Product_B,151
2024-12-23,Product_B,154
2024-12-24,Product_B,175
2024-12-25,Product_B,168
2024-12-26,Product_B,163
2024-12-27,Product_B,164
2024-12-28,Product_B,166
2024-12-29,Product_B,155
2024-12-30,Product_B,151
2024-01-01,Product_C,52
2024-01-02,Product_C,43
2024-01-03,Product_C,60
2024-01-04,Product_C,41
2024-01-05,Product_C,71
2024-01-06,Product_C,68
2024-01-07,Product_C,68
2024-01-08,Product_C,77
2024-01-09,Product_C,86
2024-01-10,Product_C,81
2024-01-11,Product_C,54
2024-01-12,Product_C,60
2024-01-13,Product_C,67
2024-01-14,Product_C,74
2024-01-15,Product_C,79
2024-01-16,Product_C,66
2024-01-17,Product_C,74
2024-01-18,Product_C,64
2024-01-19,Product_C,64
2024-01-20,Product_C,54
2024-01-21,Product_C,57
2024-01-22,Product_C,51
2024-01-23,Product_C,53
2024-01-24,Product_C,71
2024-01-25,Product_C,48
2024-01-26,Product_C,82
2024-01-27,Product_C,58
2024-01-28,Product_C,53
2024-01-29,Product_C,40
2024-01-30,Product_C,54
2024-01-31,Product_C,40
2024-02-01,Product_C,45
2024-02-02,Product_C,68
2024-02-03,Product_C,40
2024-02-04,Product_C,52
2024-02-05,Product_C,33
2024-02-06,Product_C,40
2024-02-07,Product_C,58
2024-02-08,Product_C,34
2024-02-09,Product_C,60
2024-02-10,Product_C,50
2024-02-11,Product_C,39
2024-02-12,Product_C,52
2024-02-13,Product_C,58
2024-02-14,Product_C,56
2024-02-15,Product_C,37
2024-02-16,Product_C,48
2024-02-17,Product_C,55
2024-02-18,Product_C,60
2024-02-19,Product_C,70
2024-02-20,Product_C,68
2024-02-21,Product_C,56
2024-02-22,Product_C,76
2024-02-23,Product_C,80
2024-02-24,Product_C,82
2024-02-25,Product_C,90
2024-02-26,Product_C,89
2024-02-27,Product_C,87
2024-02-28,Product_C,84
2024-02-29,Product_C,69
2024-03-01,Product_C,91
2024-03-02,Product_C,89
2024-03-03,Product_C,90
2024-03-04,Product_C,74
2024-03-05,Product_C,76
2024-03-06,Product_C,96
2024-03-07,Product_C,84
2024-03-08,Product_C,90
2024-03-09,Product_C,82
2024-03-10,Product_C,80
2024-03-11,Product_C,87
2024-03-12,Product_C,71
2024-03-13,Product_C,75
2024-03-14,Product_C,67
2024-03-15,Product_C,65
2024-03-16,Product_C,64
2024-03-17,Product_C,67
2024-03-18,Product_C,58
2024-03-19,Product_C,73
2024-03-20,Product_C,50
2024-03-21,Product_C,55
2024-03-22,Product_C,51
2024-03-23,Product_C,69
2024-03-24,Product_C,56
2024-03-25,Product_C,64
2024-03-26,Product_C,39
2024-03-27,Product_C,56
2024-03-28,Product_C,63
2024-03-29,Product_C,56
2024-03-30,Product_C,67
2024-03-31,Product_C,52
2024-04-01,Product_C,73
2024-04-02,Product_C,84
2024-04-03,Product_C,60
2024-04-04,Product_C,62
2024-04-05,Product_C,83
2024-04-06,Product_C,87
2024-04-07,Product_C,69
2024-04-08,Product_C,73
2024-04-09,Product_C,77
2024-04-10,Product_C,69
2024-04-11,Product_C,76
2024-04-12,Product_C,78
2024-04-13,Product_C,83
2024-04-14,Product_C,92
2024-04-15,Product_C,97
2024-04-16,Product_C,112
2024-04-17,Product_C,88
2024-04-18,Product_C,109
2024-04-19,Product_C,98
2024-04-20,Product_C,100
2024-04-21,Product_C,107
2024-04-22,Product_C,89
2024-04-23,Product_C,104
2024-04-24,Product_C,101
2024-04-25,Product_C,103
2024-04-26,Product_C,100
2024-04-27,Product_C,120
2024-04-28,Product_C,87
2024-04-29,Product_C,86
2024-04-30,Product_C,83
2024-05-01,Product_C,82
2024-05-02,Product_C,78
2024-05-03,Product_C,94
2024-05-04,Product_C,94
2024-05-05,Product_C,72
2024-05-06,Product_C,68
2024-05-07,Product_C,79
2024-05-08,Product_C,67
2024-05-09,Product_C,77
2024-05-10,Product_C,71
2024-05-11,Product_C,53
2024-05-12,Product_C,83
2024-05-13,Product_C,85
2024-05-14,Product_C,61
2024-05-15,Product_C,63
2024-05-16,Product_C,70
2024-05-17,Product_C,72
2024-05-18,Product_C,76
2024-05-19,Product_C,91
2024-05-20,Product_C,71
2024-05-21,Product_C,67
2024-05-22,Product_C,63
2024-05-23,Product_C,72
2024-05-24,Product_C,82
2024-05-25,Product_C,103
2024-05-26,Product_C,82
2024-05-27,Product_C,93
2024-05-28,Product_C,93
2024-05-29,Product_C,108
2024-05-30,Product_C,124
2024-05-31,Product_C,96
2024-06-01,Product_C,99
2024-06-02,Product_C,116
2024-06-03,Product_C,115
2024-06-04,Product_C,128
2024-06-05,Product_C,117
2024-06-06,Product_C,109
2024-06-07,Product_C,119
2024-06-08,Product_C,125
2024-06-09,Product_C,122
2024-06-10,Product_C,119
2024-06-11,Product_C,124
2024-06-12,Product_C,124
2024-06-13,Product_C,125
2024-06-14,Product_C,117
2024-06-15,Product_C,107
2024-06-16,Product_C,108
2024-06-17,Product_C,117
2024-06-18,Product_C,95
2024-06-19,Product_C,104
2024-06-20,Product_C,94
2024-06-21,Product_C,96
2024-06-22,Product_C,106
2024-06-23,Product_C,93
2024-06-24,Product_C,90
2024-06-25,Product_C,74
2024-06-26,Product_C,93
2024-06-27,Product_C,91
2024-06-28,Product_C,104
2024-06-29,Product_C,79
2024-06-30,Product_C,83
2024-07-01,Product_C,83
2024-07-02,Product_C,96
2024-07-03,Product_C,80
2024-07-04,Product_C,84
2024-07-05,Product_C,88
2024-07-06,Product_C,85
2024-07-07,Product_C,80
2024-07-08,Product_C,88
2024-07-09,Product_C,99
2024-07-10,Product_C,80
2024-07-11,Product_C,94
2024-07-12,Product_C,89
2024-07-13,Product_C,110
2024-07-14,Product_C,86
2024-07-15,Product_C,98
2024-07-16,Product_C,110
2024-07-17,Product_C,125
2024-07-18,Product_C,112
2024-07-19,Product_C,109
2024-07-20,Product_C,136
2024-07-21,Product_C,105
2024-07-22,Product_C,99
2024-07-23,Product_C,128
2024-07-24,Product_C,120
2024-07-25,Product_C,116
2024-07-26,Product_C,134
2024-07-27,Product_C,130
2024-07-28,Product_C,122
2024-07-29,Product_C,114
2024-07-30,Product_C,135
2024-07-31,Product_C,132
2024-08-01,Product_C,124
2024-08-02,Product_C,142
2024-08-03,Product_C,111
2024-08-04,Product_C,105
2024-08-05,Product_C,111
2024-08-06,Product_C,116
2024-08-07,Product_C,116
2024-08-08,Product_C,109
2024-08-09,Product_C,113
2024-08-10,Product_C,95
2024-08-11,Product_C,119
2024-08-12,Product_C,102
2024-08-13,Product_C,112
2024-08-14,Product_C,103
2024-08-15,Product_C,102
2024-08-16,Product_C,102
2024-08-17,Product_C,100
2024-08-18,Product_C,101
2024-08-19,Product_C,107
2024-08-20,Product_C,96
2024-08-21,Product_C,101
2024-08-22,Product_C,94
2024-08-23,Product_C,110
2024-08-24,Product_C,90
2024-08-25,Product_C,116
2024-08-26,Product_C,99
2024-08-27,Product_C,87
2024-08-28,Product_C,105
2024-08-29,Product_C,100
2024-08-30,Product_C,117
2024-08-31,Product_C,105
2024-09-01,Product_C,110
2024-09-02,Product_C,98
2024-09-03,Product_C,116
2024-09-04,Product_C,99
2024-09-05,Product_C,110
2024-09-06,Product_C,136
2024-09-07,Product_C,139
2024-09-08,Product_C,137
2024-09-09,Product_C,125
2024-09-10,Product_C,136
2024-09-11,Product_C,138
2024-09-12,Product_C,128
2024-09-13,Product_C,155
2024-09-14,Product_C,149
2024-09-15,Product_C,139
2024-09-16,Product_C,141
2024-09-17,Product_C,142
2024-09-18,Product_C,119
2024-09-19,Product_C,136
2024-09-20,Product_C,130
2024-09-21,Product_C,125
2024-09-22,Product_C,131
2024-09-23,Product_C,150
2024-09-24,Product_C,136
2024-09-25,Product_C,122
2024-09-26,Product_C,131
2024-09-27,Product_C,137
2024-09-28,Product_C,130
2024-09-29,Product_C,119
2024-09-30,Product_C,110
2024-10-01,Product_C,121
2024-10-02,Product_C,117
2024-10-03,Product_C,120
2024-10-04,Product_C,116
2024-10-05,Product_C,119
2024-10-06,Product_C,103
2024-10-07,Product_C,121
2024-10-08,Product_C,109
2024-10-09,Product_C,128
2024-10-10,Product_C,101
2024-10-11,Product_C,126
2024-10-12,Product_C,112
2024-10-13,Product_C,105
2024-10-14,Product_C,108
2024-10-15,Product_C,112
2024-10-16,Product_C,122
2024-10-17,Product_C,125
2024-10-18,Product_C,117
2024-10-19,Product_C,125
2024-10-20,Product_C,149
2024-10-21,Product_C,148
2024-10-22,Product_C,138
2024-10-23,Product_C,137
2024-10-24,Product_C,140
2024-10-25,Product_C,148
2024-10-26,Product_C,134
2024-10-27,Product_C,144
2024-10-28,Product_C,132
2024-10-29,Product_C,154
2024-10-30,Product_C,158
2024-10-31,Product_C,148
2024-11-01,Product_C,169
2024-11-02,Product_C,142
2024-11-03,Product_C,140
2024-11-04,Product_C,156
2024-11-05,Product_C,164
2024-11-06,Product_C,170
2024-11-07,Product_C,147
2024-11-08,Product_C,161
2024-11-09,Product_C,149
2024-11-10,Product_C,145
2024-11-11,Product_C,154
2024-11-12,Product_C,150
2024-11-13,Product_C,125
2024-11-14,Product_C,153
2024-11-15,Product_C,150
2024-11-16,Product_C,128
2024-11-17,Product_C,136
2024-11-18,Product_C,135
2024-11-19,Product_C,130
2024-11-20,Product_C,121
2024-11-21,Product_C,118
2024-11-22,Product_C,123
2024-11-23,Product_C,134
2024-11-24,Product_C,127
2024-11-25,Product_C,117
2024-11-26,Product_C,128
2024-11-27,Product_C,92
2024-11-28,Product_C,133
2024-11-29,Product_C,105
2024-11-30,Product_C,120
2024-12-01,Product_C,114
2024-12-02,Product_C,114
2024-12-03,Product_C,140
2024-12-04,Product_C,126
2024-12-05,Product_C,137
2024-12-06,Product_C,135
2024-12-07,Product_C,143
2024-12-08,Product_C,142
2024-12-09,Product_C,131
2024-12-10,Product_C,157
2024-12-11,Product_C,145
2024-12-12,Product_C,137
2024-12-13,Product_C,151
2024-12-14,Product_C,173
2024-12-15,Product_C,168
2024-12-16,Product_C,158
2024-12-17,Product_C,160
2024-12-18,Product_C,162
2024-12-19,Product_C,187
2024-12-20,Product_C,171
2024-12-21,Product_C,172
2024-12-22,Product_C,178
2024-12-23,Product_C,170
2024-12-24,Product_C,165
2024-12-25,Product_C,164
2024-12-26,Product_C,165
2024-12-27,Product_C,164
2024-12-28,Product_C,170
2024-12-29,Product_C,161
2024-12-30,Product_C,166
